,freq (Hartree),freq (eV),freq_permutation,gamma effective,chi3 effective,warning_flag
0,0.2921,7.948445856442,0.0,28177363.710100003,2.111002966909562e-14,True
1,0.33033333333333337,8.988827848606668,0.0,27605759.652606662,1.7616672185017348e-17,True
2,0.36856666666666665,10.029209840771333,0.0,-33931858.45211333,-8.502089082613044e-22,True
